{
    "zfs": {
        "zpools": {}
    },
    "dasd": {},
    "bcache": {
        "backing": {},
        "caching": {}
    },
    "filesystem": {
        "/dev/sr0": {
            "BOOT_SYSTEM_ID": "EL\\x20TORITO\\x20SPECIFICATION",
            "DATA_PREPARER_ID": "XORRISO-1.5.4\\x202021.01.30.150001\\x2c\\x20LIBISOBURN-1.5.4\\x2c\\x20LIBISOFS-1.5.4\\x2c\\x20LIBBURN-1.5.4",
            "LABEL": "Ubuntu-Server_22.04.3_LTS_amd64",
            "LABEL_ENC": "Ubuntu-Server\\x2022.04.3\\x20LTS\\x20amd64",
            "TYPE": "iso9660",
            "USAGE": "filesystem",
            "UUID": "2023-08-10-05-06-25-00",
            "UUID_ENC": "2023-08-10-05-06-25-00",
            "VERSION": "Joliet Extension",
            "ESTIMATED_MIN_SIZE": -1
        }
    },
    "mount": [
        {
            "target": "/",
            "source": "/cow",
            "fstype": "overlay",
            "options": "rw,relatime,lowerdir=/ubuntu-server-minimal.ubuntu-server.installer.generic.squashfs:/ubuntu-server-minimal.ubuntu-server.installer.squashfs:/ubuntu-server-minimal.ubuntu-server.squashfs:/ubuntu-server-minimal.squashfs,upperdir=/cow/upper,workdir=/cow/work,xino=off",
            "children": [
                {
                    "target": "/sys",
                    "source": "sysfs",
                    "fstype": "sysfs",
                    "options": "rw,nosuid,nodev,noexec,relatime",
                    "children": [
                        {
                            "target": "/sys/kernel/security",
                            "source": "securityfs",
                            "fstype": "securityfs",
                            "options": "rw,nosuid,nodev,noexec,relatime"
                        },
                        {
                            "target": "/sys/fs/cgroup",
                            "source": "cgroup2",
                            "fstype": "cgroup2",
                            "options": "rw,nosuid,nodev,noexec,relatime,nsdelegate,memory_recursiveprot"
                        },
                        {
                            "target": "/sys/fs/pstore",
                            "source": "pstore",
                            "fstype": "pstore",
                            "options": "rw,nosuid,nodev,noexec,relatime"
                        },
                        {
                            "target": "/sys/fs/bpf",
                            "source": "bpf",
                            "fstype": "bpf",
                            "options": "rw,nosuid,nodev,noexec,relatime,mode=700"
                        },
                        {
                            "target": "/sys/kernel/debug",
                            "source": "debugfs",
                            "fstype": "debugfs",
                            "options": "rw,nosuid,nodev,noexec,relatime"
                        },
                        {
                            "target": "/sys/kernel/tracing",
                            "source": "tracefs",
                            "fstype": "tracefs",
                            "options": "rw,nosuid,nodev,noexec,relatime"
                        },
                        {
                            "target": "/sys/fs/fuse/connections",
                            "source": "fusectl",
                            "fstype": "fusectl",
                            "options": "rw,nosuid,nodev,noexec,relatime"
                        },
                        {
                            "target": "/sys/kernel/config",
                            "source": "configfs",
                            "fstype": "configfs",
                            "options": "rw,nosuid,nodev,noexec,relatime"
                        }
                    ]
                },
                {
                    "target": "/proc",
                    "source": "proc",
                    "fstype": "proc",
                    "options": "rw,nosuid,nodev,noexec,relatime",
                    "children": [
                        {
                            "target": "/proc/sys/fs/binfmt_misc",
                            "source": "systemd-1",
                            "fstype": "autofs",
                            "options": "rw,relatime,fd=29,pgrp=1,timeout=0,minproto=5,maxproto=5,direct,pipe_ino=25338",
                            "children": [
                                {
                                    "target": "/proc/sys/fs/binfmt_misc",
                                    "source": "binfmt_misc",
                                    "fstype": "binfmt_misc",
                                    "options": "rw,nosuid,nodev,noexec,relatime"
                                }
                            ]
                        }
                    ]
                },
                {
                    "target": "/dev",
                    "source": "udev",
                    "fstype": "devtmpfs",
                    "options": "rw,nosuid,relatime,size=928528k,nr_inodes=232132,mode=755,inode64",
                    "children": [
                        {
                            "target": "/dev/pts",
                            "source": "devpts",
                            "fstype": "devpts",
                            "options": "rw,nosuid,noexec,relatime,gid=5,mode=620,ptmxmode=000"
                        },
                        {
                            "target": "/dev/shm",
                            "source": "tmpfs",
                            "fstype": "tmpfs",
                            "options": "rw,nosuid,nodev,inode64"
                        },
                        {
                            "target": "/dev/hugepages",
                            "source": "hugetlbfs",
                            "fstype": "hugetlbfs",
                            "options": "rw,relatime,pagesize=2M"
                        },
                        {
                            "target": "/dev/mqueue",
                            "source": "mqueue",
                            "fstype": "mqueue",
                            "options": "rw,nosuid,nodev,noexec,relatime"
                        }
                    ]
                },
                {
                    "target": "/run",
                    "source": "tmpfs",
                    "fstype": "tmpfs",
                    "options": "rw,nosuid,nodev,noexec,relatime,size=197596k,mode=755,inode64",
                    "children": [
                        {
                            "target": "/run/lock",
                            "source": "tmpfs",
                            "fstype": "tmpfs",
                            "options": "rw,nosuid,nodev,noexec,relatime,size=5120k,inode64"
                        },
                        {
                            "target": "/run/credentials/systemd-sysusers.service",
                            "source": "none",
                            "fstype": "ramfs",
                            "options": "ro,nosuid,nodev,noexec,relatime,mode=700"
                        },
                        {
                            "target": "/run/snapd/ns",
                            "source": "tmpfs[/snapd/ns]",
                            "fstype": "tmpfs",
                            "options": "rw,nosuid,nodev,noexec,relatime,size=197596k,mode=755,inode64",
                            "children": [
                                {
                                    "target": "/run/snapd/ns/lxd.mnt",
                                    "source": "nsfs[mnt:[4026532628]]",
                                    "fstype": "nsfs",
                                    "options": "rw"
                                }
                            ]
                        }
                    ]
                },
                {
                    "target": "/cdrom",
                    "source": "/dev/sr0",
                    "fstype": "iso9660",
                    "options": "ro,noatime,nojoliet,check=s,map=n,blocksize=2048,iocharset=utf8"
                },
                {
                    "target": "/rofs",
                    "source": "/dev/loop0",
                    "fstype": "squashfs",
                    "options": "ro,noatime,errors=continue"
                },
                {
                    "target": "/media/minimal",
                    "source": "/dev/loop4",
                    "fstype": "squashfs",
                    "options": "ro,relatime,errors=continue"
                },
                {
                    "target": "/media/full",
                    "source": "/dev/loop5",
                    "fstype": "squashfs",
                    "options": "ro,relatime,errors=continue"
                },
                {
                    "target": "/media/filesystem",
                    "source": "overlay",
                    "fstype": "overlay",
                    "options": "ro,relatime,lowerdir=/root/media/full:/root/media/minimal"
                },
                {
                    "target": "/tmp",
                    "source": "tmpfs",
                    "fstype": "tmpfs",
                    "options": "rw,nosuid,nodev,relatime,inode64",
                    "children": [
                        {
                            "target": "/tmp/tmpb4gxjkec/ubuntu-server-minimal.squashfs.dir",
                            "source": "/dev/loop4",
                            "fstype": "squashfs",
                            "options": "ro,relatime,errors=continue"
                        },
                        {
                            "target": "/tmp/tmpu9onzvim/mount",
                            "source": "overlay",
                            "fstype": "overlay",
                            "options": "rw,relatime,lowerdir=/tmp/tmpb4gxjkec/ubuntu-server-minimal.squashfs.dir,upperdir=/tmp/tmpu9onzvim/upper,workdir=/tmp/tmpu9onzvim/work,xino=off"
                        }
                    ]
                },
                {
                    "target": "/snap/core22/858",
                    "source": "/dev/loop6",
                    "fstype": "squashfs",
                    "options": "ro,nodev,relatime,errors=continue"
                },
                {
                    "target": "/snap/subiquity/5004",
                    "source": "/dev/loop9",
                    "fstype": "squashfs",
                    "options": "ro,nodev,relatime,errors=continue"
                },
                {
                    "target": "/snap/snapd/19457",
                    "source": "/dev/loop10",
                    "fstype": "squashfs",
                    "options": "ro,nodev,relatime,errors=continue"
                },
                {
                    "target": "/snap/core20/1974",
                    "source": "/dev/loop7",
                    "fstype": "squashfs",
                    "options": "ro,nodev,relatime,errors=continue"
                },
                {
                    "target": "/snap/lxd/24322",
                    "source": "/dev/loop8",
                    "fstype": "squashfs",
                    "options": "ro,nodev,relatime,errors=continue"
                }
            ]
        }
    ],
    "multipath": {},
    "blockdev": {
        "/dev/sda": {
            "CURRENT_TAGS": ":systemd:",
            "DEVLINKS": "/dev/disk/by-path/pci-0000:00:10.0-scsi-0:0:0:0",
            "DEVNAME": "/dev/sda",
            "DEVPATH": "/devices/pci0000:00/0000:00:10.0/host32/target32:0:0/32:0:0:0/block/sda",
            "DEVTYPE": "disk",
            "DISKSEQ": "9",
            "DM_MULTIPATH_DEVICE_PATH": "0",
            "ID_BUS": "scsi",
            "ID_MODEL": "VMware_Virtual_S",
            "ID_MODEL_ENC": "VMware\\x20Virtual\\x20S",
            "ID_PATH": "pci-0000:00:10.0-scsi-0:0:0:0",
            "ID_PATH_TAG": "pci-0000_00_10_0-scsi-0_0_0_0",
            "ID_REVISION": "1.0",
            "ID_SCSI": "1",
            "ID_TYPE": "disk",
            "ID_VENDOR": "VMware_",
            "ID_VENDOR_ENC": "VMware\\x2c\\x20",
            "MAJOR": "8",
            "MINOR": "0",
            "MPATH_SBIN_PATH": "/sbin",
            "SCSI_MODEL": "VMware_Virtual_S",
            "SCSI_MODEL_ENC": "VMware\\x20Virtual\\x20S",
            "SCSI_REVISION": "1.0",
            "SCSI_TPGS": "0",
            "SCSI_TYPE": "disk",
            "SCSI_VENDOR": "VMware,",
            "SCSI_VENDOR_ENC": "VMware,\\x20",
            "SUBSYSTEM": "block",
            "TAGS": ":systemd:",
            "USEC_INITIALIZED": "6106152",
            "attrs": {
                "alignment_offset": "0",
                "bdi": null,
                "capability": "40",
                "dev": "8:0",
                "device": null,
                "discard_alignment": "0",
                "diskseq": "9",
                "events": "",
                "events_async": "",
                "events_poll_msecs": "-1",
                "ext_range": "256",
                "hidden": "0",
                "inflight": "       0        0",
                "integrity/device_is_integrity_capable": "0",
                "integrity/format": "none",
                "integrity/protection_interval_bytes": "0",
                "integrity/read_verify": "0",
                "integrity/tag_size": "0",
                "integrity/write_generate": "0",
                "mq/0/cpu_list": "0, 1, 2, 3, 4, 5, 6, 7, 8, 9, 10, 11, 12, 13, 14, 15, 16, 17, 18, 19, 20, 21, 22, 23, 24, 25, 26, 27, 28, 29, 30, 31, 32, 33, 34, 35, 36, 37, 38, 39, 40, 41, 42, 43, 44, 45, 46, 47, 48, 49, 50, 51, 52, 53, 54, 55, 56, 57, 58, 59, 60, 61, 62, 63, 64, 65, 66, 67, 68, 69, 70, 71, 72, 73, 74, 75, 76, 77, 78, 79, 80, 81, 82, 83, 84, 85, 86, 87, 88, 89, 90, 91, 92, 93, 94, 95, 96, 97, 98, 99, 100, 101, 102, 103, 104, 105, 106, 107, 108, 109, 110, 111, 112, 113, 114, 115, 116, 117, 118, 119, 120, 121, 122, 123, 124, 125, 126, 127",
                "mq/0/nr_reserved_tags": "0",
                "mq/0/nr_tags": "127",
                "power/async": "disabled",
                "power/autosuspend_delay_ms": null,
                "power/control": "auto",
                "power/runtime_active_kids": "0",
                "power/runtime_active_time": "0",
                "power/runtime_enabled": "disabled",
                "power/runtime_status": "unsupported",
                "power/runtime_suspended_time": "0",
                "power/runtime_usage": "0",
                "queue/add_random": "1",
                "queue/chunk_sectors": "0",
                "queue/dax": "0",
                "queue/discard_granularity": "0",
                "queue/discard_max_bytes": "0",
                "queue/discard_max_hw_bytes": "0",
                "queue/discard_zeroes_data": "0",
                "queue/fua": "0",
                "queue/hw_sector_size": "512",
                "queue/io_poll": "0",
                "queue/io_poll_delay": "-1",
                "queue/io_timeout": "180000",
                "queue/iosched/async_depth": "190",
                "queue/iosched/fifo_batch": "16",
                "queue/iosched/front_merges": "1",
                "queue/iosched/read_expire": "500",
                "queue/iosched/write_expire": "5000",
                "queue/iosched/writes_starved": "2",
                "queue/iostats": "1",
                "queue/logical_block_size": "512",
                "queue/max_discard_segments": "1",
                "queue/max_hw_sectors_kb": "4096",
                "queue/max_integrity_segments": "0",
                "queue/max_sectors_kb": "1280",
                "queue/max_segment_size": "65536",
                "queue/max_segments": "128",
                "queue/minimum_io_size": "512",
                "queue/nomerges": "0",
                "queue/nr_requests": "254",
                "queue/nr_zones": "0",
                "queue/optimal_io_size": "0",
                "queue/physical_block_size": "512",
                "queue/read_ahead_kb": "128",
                "queue/rotational": "1",
                "queue/rq_affinity": "1",
                "queue/scheduler": "[mq-deadline] none",
                "queue/stable_writes": "0",
                "queue/virt_boundary_mask": "0",
                "queue/wbt_lat_usec": "75000",
                "queue/write_cache": "write through",
                "queue/write_same_max_bytes": "0",
                "queue/write_zeroes_max_bytes": "0",
                "queue/zone_append_max_bytes": "0",
                "queue/zone_write_granularity": "0",
                "queue/zoned": "none",
                "range": "16",
                "removable": "0",
                "ro": "0",
                "size": "21474836480",
                "stat": "     492        0    20192       45        0        0        0        0        0      256       45        0        0        0        0        0        0",
                "subsystem": "block",
                "trace/act_mask": "disabled",
                "trace/enable": "0",
                "trace/end_lba": "disabled",
                "trace/pid": "disabled",
                "trace/start_lba": "disabled",
                "uevent": "MAJOR=8\nMINOR=0\nDEVNAME=sda\nDEVTYPE=disk\nDISKSEQ=9"
            }
        },
        "/dev/sr0": {
            "CURRENT_TAGS": ":seat:uaccess:systemd:",
            "DEVLINKS": "/dev/disk/by-path/pci-0000:02:04.0-ata-2.0 /dev/disk/by-uuid/2023-08-10-05-06-25-00 /dev/disk/by-id/ata-VMware_Virtual_SATA_CDRW_Drive_01000000000000000001 /dev/disk/by-label/Ubuntu-Server\\x2022.04.3\\x20LTS\\x20amd64 /dev/cdrom /dev/disk/by-path/pci-0000:02:04.0-ata-2",
            "DEVNAME": "/dev/sr0",
            "DEVPATH": "/devices/pci0000:00/0000:00:11.0/0000:02:04.0/ata4/host3/target3:0:0/3:0:0:0/block/sr0",
            "DEVTYPE": "disk",
            "DISKSEQ": "11",
            "ID_ATA": "1",
            "ID_ATA_FEATURE_SET_PM": "1",
            "ID_ATA_FEATURE_SET_PM_ENABLED": "1",
            "ID_BUS": "ata",
            "ID_CDROM": "1",
            "ID_CDROM_CD_R": "1",
            "ID_CDROM_CD_RW": "1",
            "ID_CDROM_DVD": "1",
            "ID_CDROM_DVD_R": "1",
            "ID_CDROM_DVD_RAM": "1",
            "ID_CDROM_MEDIA": "1",
            "ID_CDROM_MEDIA_DVD": "1",
            "ID_CDROM_MEDIA_SESSION_COUNT": "1",
            "ID_CDROM_MEDIA_STATE": "complete",
            "ID_CDROM_MEDIA_TRACK_COUNT": "1",
            "ID_CDROM_MEDIA_TRACK_COUNT_DATA": "1",
            "ID_CDROM_MRW": "1",
            "ID_CDROM_MRW_W": "1",
            "ID_FOR_SEAT": "block-pci-0000_02_04_0-ata-2_0",
            "ID_FS_BOOT_SYSTEM_ID": "EL\\x20TORITO\\x20SPECIFICATION",
            "ID_FS_DATA_PREPARER_ID": "XORRISO-1.5.4\\x202021.01.30.150001\\x2c\\x20LIBISOBURN-1.5.4\\x2c\\x20LIBISOFS-1.5.4\\x2c\\x20LIBBURN-1.5.4",
            "ID_FS_LABEL": "Ubuntu-Server_22.04.3_LTS_amd64",
            "ID_FS_LABEL_ENC": "Ubuntu-Server\\x2022.04.3\\x20LTS\\x20amd64",
            "ID_FS_TYPE": "iso9660",
            "ID_FS_USAGE": "filesystem",
            "ID_FS_UUID": "2023-08-10-05-06-25-00",
            "ID_FS_UUID_ENC": "2023-08-10-05-06-25-00",
            "ID_FS_VERSION": "Joliet Extension",
            "ID_MODEL": "VMware_Virtual_SATA_CDRW_Drive",
            "ID_MODEL_ENC": "VMware\\x20Virtual\\x20SATA\\x20CDRW\\x20Drive\\x20\\x20\\x20\\x20\\x20\\x20\\x20\\x20\\x20\\x20",
            "ID_PART_TABLE_TYPE": "PMBR",
            "ID_PATH": "pci-0000:02:04.0-ata-2.0",
            "ID_PATH_ATA_COMPAT": "pci-0000:02:04.0-ata-2",
            "ID_PATH_TAG": "pci-0000_02_04_0-ata-2_0",
            "ID_REVISION": "00000001",
            "ID_SCSI": "1",
            "ID_SCSI_INQUIRY": "1",
            "ID_SERIAL": "VMware_Virtual_SATA_CDRW_Drive_01000000000000000001",
            "ID_SERIAL_SHORT": "01000000000000000001",
            "ID_TYPE": "cd",
            "ID_VENDOR": "NECVMWar",
            "ID_VENDOR_ENC": "NECVMWar",
            "MAJOR": "11",
            "MINOR": "0",
            "SCSI_MODEL": "VMware_SATA_CD01",
            "SCSI_MODEL_ENC": "VMware\\x20SATA\\x20CD01",
            "SCSI_REVISION": "1.00",
            "SCSI_TPGS": "0",
            "SCSI_TYPE": "cd/dvd",
            "SCSI_VENDOR": "NECVMWar",
            "SCSI_VENDOR_ENC": "NECVMWar",
            "SUBSYSTEM": "block",
            "TAGS": ":seat:uaccess:systemd:",
            "USEC_INITIALIZED": "6213725",
            "attrs": {
                "alignment_offset": "0",
                "bdi": null,
                "capability": "109",
                "dev": "11:0",
                "device": null,
                "discard_alignment": "0",
                "diskseq": "11",
                "events": "media_change eject_request",
                "events_async": "",
                "events_poll_msecs": "-1",
                "ext_range": "1",
                "hidden": "0",
                "inflight": "       0        0",
                "integrity/device_is_integrity_capable": "0",
                "integrity/format": "none",
                "integrity/protection_interval_bytes": "0",
                "integrity/read_verify": "0",
                "integrity/tag_size": "0",
                "integrity/write_generate": "0",
                "mq/0/cpu_list": "0, 1, 2, 3, 4, 5, 6, 7, 8, 9, 10, 11, 12, 13, 14, 15, 16, 17, 18, 19, 20, 21, 22, 23, 24, 25, 26, 27, 28, 29, 30, 31, 32, 33, 34, 35, 36, 37, 38, 39, 40, 41, 42, 43, 44, 45, 46, 47, 48, 49, 50, 51, 52, 53, 54, 55, 56, 57, 58, 59, 60, 61, 62, 63, 64, 65, 66, 67, 68, 69, 70, 71, 72, 73, 74, 75, 76, 77, 78, 79, 80, 81, 82, 83, 84, 85, 86, 87, 88, 89, 90, 91, 92, 93, 94, 95, 96, 97, 98, 99, 100, 101, 102, 103, 104, 105, 106, 107, 108, 109, 110, 111, 112, 113, 114, 115, 116, 117, 118, 119, 120, 121, 122, 123, 124, 125, 126, 127",
                "mq/0/nr_reserved_tags": "0",
                "mq/0/nr_tags": "32",
                "power/async": "disabled",
                "power/autosuspend_delay_ms": null,
                "power/control": "auto",
                "power/runtime_active_kids": "0",
                "power/runtime_active_time": "0",
                "power/runtime_enabled": "disabled",
                "power/runtime_status": "unsupported",
                "power/runtime_suspended_time": "0",
                "power/runtime_usage": "0",
                "queue/add_random": "0",
                "queue/bsg": null,
                "queue/chunk_sectors": "0",
                "queue/dax": "0",
                "queue/discard_granularity": "0",
                "queue/discard_max_bytes": "0",
                "queue/discard_max_hw_bytes": "0",
                "queue/discard_zeroes_data": "0",
                "queue/fua": "0",
                "queue/hw_sector_size": "2048",
                "queue/io_poll": "0",
                "queue/io_poll_delay": "-1",
                "queue/io_timeout": "30000",
                "queue/iosched/async_depth": "48",
                "queue/iosched/fifo_batch": "16",
                "queue/iosched/front_merges": "1",
                "queue/iosched/read_expire": "500",
                "queue/iosched/write_expire": "5000",
                "queue/iosched/writes_starved": "2",
                "queue/iostats": "1",
                "queue/logical_block_size": "2048",
                "queue/max_discard_segments": "1",
                "queue/max_hw_sectors_kb": "128",
                "queue/max_integrity_segments": "0",
                "queue/max_sectors_kb": "128",
                "queue/max_segment_size": "65536",
                "queue/max_segments": "167",
                "queue/minimum_io_size": "2048",
                "queue/nomerges": "0",
                "queue/nr_requests": "64",
                "queue/nr_zones": "0",
                "queue/optimal_io_size": "0",
                "queue/physical_block_size": "2048",
                "queue/read_ahead_kb": "128",
                "queue/rotational": "1",
                "queue/rq_affinity": "1",
                "queue/scheduler": "[mq-deadline] none",
                "queue/stable_writes": "0",
                "queue/virt_boundary_mask": "0",
                "queue/wbt_lat_usec": "75000",
                "queue/write_cache": "write through",
                "queue/write_same_max_bytes": "0",
                "queue/write_zeroes_max_bytes": "0",
                "queue/zone_append_max_bytes": "0",
                "queue/zone_write_granularity": "0",
                "queue/zoned": "none",
                "range": "1",
                "removable": "1",
                "ro": "0",
                "size": "2133391360",
                "stat": "   19651       57  4207913     6342        0        0        0        0        0    24464     6342        0        0        0        0        0        0",
                "subsystem": "block",
                "trace/act_mask": "disabled",
                "trace/enable": "0",
                "trace/end_lba": "disabled",
                "trace/pid": "disabled",
                "trace/start_lba": "disabled",
                "uevent": "MAJOR=11\nMINOR=0\nDEVNAME=sr0\nDEVTYPE=disk\nDISKSEQ=11"
            },
            "partitiontable": {
                "label": "dos",
                "id": "0x00000000",
                "device": "/dev/sr0",
                "unit": "sectors",
                "sectorsize": 2048,
                "partitions": [
                    {
                        "node": "/dev/sr0p1",
                        "start": 1,
                        "size": 1041694,
                        "type": "ee"
                    },
                    {
                        "node": "/dev/sr0p2",
                        "start": 0,
                        "size": 1,
                        "type": "0",
                        "bootable": true
                    }
                ]
            }
        }
    },
    "dmcrypt": {},
    "lvm": {},
    "raid": {}
}